Título	Autores	Áreas de Pesquisa	Tipo	Meio de Publicação	Data	Google Scholar	Link	DOI
Rethinking Default Values: a Low Cost and Efficient Strategy to Define Hyperparameters	Rafael Gomes Mantovani, André Luis Debiaso Rossi, Edesio Alcobaça, Jadson Castro Gertrudes, Sylvio Barbon Junior, André Carlos Ponce de Leon Ferreira de Carvalho	Aprendizado de Máquina	Artigo	arXiv	2020-07-31	https://scholar.google.com.br/citations?view_op=view_citation&hl=pt-PT&user=lRFTBFgAAAAJ&pagesize=80&sortby=pubdate&citation_for_view=lRFTBFgAAAAJ:QIV2ME_5wuYC	https://arxiv.org/abs/2008.00025	10.48550/arXiv.2008.00025
Identificaçao de perfis depressivos em redes sociais utilizando aprendizado de máquina: um mapeamento sistemático	Vinicius Casani, Rafael Gomes Mantovani, Alinne Cristinne Correa Souza, Francisco Carlos Monteiro Souza	Aprendizado de Máquina, Processamento de Linguagem Natural	Anais	XI Computer on the Beach	2020-09-04	https://scholar.google.com.br/citations?view_op=view_citation&hl=pt-PT&user=lRFTBFgAAAAJ&pagesize=80&sortby=pubdate&citation_for_view=lRFTBFgAAAAJ:TQgYirikUcIC	https://periodicos.univali.br/index.php/acotb/article/view/16767	10.14210/cotb.v11n1.p183-190
Segmentação de imagens de microrganismos para tarefas preditivas	Lilian de Souza Vismara, Edgar de Souza Vismara, Rafael Gomes Mantovani, Francisco Carlos Monteiro Souza	Processamento de Imagens, Engenharia Biomédica	Anais	VI congresso de ciência e tecnologia da UTFPR-DV (VI CCT-UTFPR-DV)	2021-10-09	https://scholar.google.com.br/citations?view_op=view_citation&hl=pt-PT&user=lRFTBFgAAAAJ&sortby=pubdate&citation_for_view=lRFTBFgAAAAJ:tzM49s52ZIMC	https://www.researchgate.net/publication/355362192_Segmentacao_de_imagens_de_microrganismos_para_tarefas_preditivas	
 Exploring autoencoders for feature extraction in multi-target classification	Brendon Gouveia Cambuí, Rafael Gomes Mantovani, Ricardo Cerri	Aprendizado de Máquina, Reconhecimento de Padrões	Anais	International Joint Conference on Neural Networks (IJCNN)	2021-07-18	https://scholar.google.com.br/citations?view_op=view_citation&hl=pt-PT&user=lRFTBFgAAAAJ&pagesize=80&sortby=pubdate&citation_for_view=lRFTBFgAAAAJ:e5wmG9Sq2KIC	https://ieeexplore.ieee.org/abstract/document/9533976	10.1109/IJCNN52387.2021.9533976
Feature analysis to league of legends victory prediction on the picks and bans phase	Lincoln Magalhaes Costa, Rafael Gomes Mantovani, Francisco Carlos Monteiro Souza, Geraldo Xexeo	Aprendizado de Máquina, Reconhecimento de Padrões	Anais	IEEE conference on games (CoG)	2021-08-17	https://scholar.google.com.br/citations?view_op=view_citation&hl=pt-PT&user=lRFTBFgAAAAJ&cstart=20&pagesize=80&sortby=pubdate&citation_for_view=lRFTBFgAAAAJ:R3hNpaxXUhUC	https://ieeexplore.ieee.org/abstract/document/9619019	10.1109/CoG52621.2021.9619019
Learning abstract task representations	Mikhail M Meskhi, Adriano Rivolli, Rafael G Mantovani, Ricardo Vilalta	Aprendizado de Máquina	Anais	AAAI Workshop on Meta-Learning and MetaDL Challenge	2021-08-18	https://scholar.google.com.br/citations?view_op=view_citation&hl=pt-PT&user=lRFTBFgAAAAJ&cstart=20&pagesize=80&sortby=pubdate&citation_for_view=lRFTBFgAAAAJ:HDshCWvjkbEC	https://proceedings.mlr.press/v140/meskhi21a	
Time-series in hyper-parameter initialization of machine learning techniques	Tomáš Horváth, Rafael G Mantovani, André C P L F de Carvalho	Aprendizado de Máquina, Reconhecimento de Padrões, Processamento de Sinais	Anais	Intelligent Data Engineering and Automated Learning (IDEAL 2021)	2021-11-23	https://scholar.google.com.br/citations?view_op=view_citation&hl=pt-PT&user=lRFTBFgAAAAJ&cstart=20&pagesize=80&sortby=pubdate&citation_for_view=lRFTBFgAAAAJ:4JMBOYKVnBMC	https://link.springer.com/chapter/10.1007/978-3-030-91608-4_25	10.1007/978-3-030-91608-4_25
DP-Symptom-Identifier: Uma estratégia para classificar sintomas de depressão utilizando um conjunto de dados textuais na língua portuguesa	Vinicius Casani, Alinne C Correa Souza, Rafael G Mantovani, Francisco Carlos M Souza	Aprendizado de Máquina, Reconhecimento de Padrões	Anais	Simpósio Brasileiro de Tecnologia da Informação e da Linguagem Humana (STIL)	2021-11-29	https://scholar.google.com.br/citations?view_op=view_citation&hl=pt-PT&user=lRFTBFgAAAAJ&cstart=20&pagesize=80&sortby=pubdate&citation_for_view=lRFTBFgAAAAJ:RHpTSmoSYBkC	https://sol.sbc.org.br/index.php/stil/article/view/17794	10.5753/stil.2021.17794
An extensive experimental evaluation of automated machine learning methods for recommending classification algorithms	Márcio P Basgalupp, Rodrigo C Barros, Alex Guimarães Cardoso de Sá, Gisele L Pappa, Rafael Gomes Mantovani, André C P L F de Carvalho, Alex Alves Freitas	Aprendizado de Máquina, Computação Bioinspirada	Artigo	Evolutionary Intelligence	2021-12-01	https://scholar.google.com.br/citations?view_op=view_citation&hl=pt-PT&user=lRFTBFgAAAAJ&sortby=pubdate&citation_for_view=lRFTBFgAAAAJ:9ZlFYXVOiuMC	https://link.springer.com/article/10.1007/s12065-020-00463-z	10.1007/s12065-020-00463-z
Hyper-parameter initialization of classification algorithms using dynamic time warping: A perspective on PCA meta-features	Tomáš Horváth, Rafael G Mantovani, André C P L F de Carvalho	Aprendizado de Máquina, Reconhecimento de Padrões, Processamento de Sinais	Artigo	Applied Soft Computing	2023-02-01	https://scholar.google.com.br/citations?view_op=view_citation&hl=pt-PT&user=lRFTBFgAAAAJ&sortby=pubdate&citation_for_view=lRFTBFgAAAAJ:HoB7MX3m0LUC	https://www.sciencedirect.com/science/article/abs/pii/S1568494622010183	10.1016/j.asoc.2022.109969
Classificação de textos escolares com aprendizado de máquina	Nelson Dressler, Alinne Correa Souza, Lincoln Magalhães Costa, Francisco Carlos Souza, Rafael Mantovani	Aprendizado de Máquina, Informática na Educação, Processamento de Linguagem Natural	Anais	XIV Computer on the Beach	2023-05-03	https://scholar.google.com.br/citations?view_op=view_citation&hl=pt-PT&user=lRFTBFgAAAAJ&sortby=pubdate&citation_for_view=lRFTBFgAAAAJ:_xSYboBqXhAC	https://www.researchgate.net/publication/370569431_Classificacao_de_Textos_Escolares_com_Aprendizado_de_Maquina	10.14210/cotb.v14.p432-438
AutoMMLC: An Automated and Multi-objective Method for Multi-label Classification	Aline Marques Del Valle, Rafael Gomes Mantovani, Ricardo Cerri	Aprendizado de Máquina, Computação Bioinspirada, Reconhecimento de Padrões	Anais	Brazilian Conference on Intelligent Systems (BRACIS 2023)	2023-09-25	https://scholar.google.com.br/citations?view_op=view_citation&hl=pt-PT&user=lRFTBFgAAAAJ&sortby=pubdate&citation_for_view=lRFTBFgAAAAJ:UxriW0iASnsC	https://link.springer.com/chapter/10.1007/978-3-031-45389-2_20	10.1007/978-3-031-45389-2_20
DIFFUSION STUDY OF NaCl AND KCl AT THE SOLUTION/OLIVE INTERFACE: MATHEMATICAL MODELING USING THE FINITE ELEMENT METHOD AND SELF-ORGANIZING FEATURE MAP (SOFM)-TYPE NEURAL NETWORKS	Dionisio Borsato, Marco AJ Clemente, Heloisa HP Silva, Nathan F Silva, Julia W Campos, Eduardo G de Sousa, Hágata C Silva, Karina B Angilelli, Ana CG Mantovani, Rafael G Mantovani 	Processamento de Sinais, Computação Bioinspirada, Aprendizado de Máquina	Artigo	Química Nova	2023-10-09	https://scholar.google.com.br/citations?view_op=view_citation&hl=pt-PT&user=lRFTBFgAAAAJ&sortby=pubdate&citation_for_view=lRFTBFgAAAAJ:dshw04ExmUIC	https://quimicanova.sbq.org.br/pdf/AR2023-0010	10.21577/0100-4042.20230053 
A systematic literature review on AutoML for multi-target learning tasks	Aline Marques Del Valle, Rafael Gomes Mantovani, Ricardo Cerri	Aprendizado de Máquina, Computação Bioinspirada	Artigo	Artificial Intelligence Review	2023-11-01	https://scholar.google.com.br/citations?view_op=view_citation&hl=pt-PT&user=lRFTBFgAAAAJ&sortby=pubdate&citation_for_view=lRFTBFgAAAAJ:KxtntwgDAa4C	https://link.springer.com/article/10.1007/s10462-023-10569-2	10.1007/s10462-023-10569-2
Classification of the growth level of fungal colonies in solid medium: a machine learning approach	Edgar de Souza Vismara, Lilian de Souza Vismara, José Luis Seixas Junior, Francisco Carlos Monteiro Souza, Rafael Gomes Mantovani	Processamento de Imagens, Aprendizado de Máquina, Reconhecimento de Padrões	Artigo	Expert Systems with Applications	2023-12-01	https://scholar.google.com.br/citations?view_op=view_citation&hl=pt-PT&user=lRFTBFgAAAAJ&sortby=pubdate&citation_for_view=lRFTBFgAAAAJ:1sJd4Hv_s6UC	https://www.sciencedirect.com/science/article/abs/pii/S095741742301374X	10.1016/j.eswa.2023.120872
Better trees: an empirical study on hyperparameter tuning of classification decision tree induction algorithms 	Rafael Gomes Mantovani, Tomas Horvath, André Luis Debiaso Rossi, Ricardo Cerri, Sylvio Barbon Junior, Joaquin Vanschoren, André. C. P. L. F. Carvalho	Aprendizado de Máquina, Reconhecimento de Padrões	Artigo	Data Mining and Knowledge Discovery	2024-01-31	https://scholar.google.com.br/citations?view_op=view_citation&hl=pt-PT&user=lRFTBFgAAAAJ&sortby=pubdate&citation_for_view=lRFTBFgAAAAJ:eq2jaN3J8jMC	https://link.springer.com/article/10.1007/s10618-024-01002-5	10.1007/s10618-024-01002-5
An Exploratory Analysis on Gender-Related Dropout Students in Distance Learning Higher Education using Machine Learning	Gilmar Santos, Alinne Souza, Rafael Mantovani, Robinson Cruz, Thiago Cordeiro, Francisco Souza	Aprendizado de Máquina, Informática na Educação, Reconhecimento de Padrões	Anais	20th Brazilian Symposium on Information Systems	2024-05-20	https://scholar.google.com.br/citations?view_op=view_citation&hl=pt-PT&user=lRFTBFgAAAAJ&sortby=pubdate&citation_for_view=lRFTBFgAAAAJ:B3FOqHPlNUQC	https://dl.acm.org/doi/abs/10.1145/3658271.3658323	10.1145/3658271.365832
Image Classification for Precision Agriculture: A Coffee Study Case	Julio Ribeiro, Matheus Mileski, José Luis Seixas Junior, Luiz Fernando Carvalho, Rafael Gomes Mantovani	Processamento de Imagens, Aprendizado de Máquina, Computação Bioinspirada	Anais	XV Computer on the Beach	2024-05-28	https://scholar.google.com.br/citations?view_op=view_citation&hl=pt-PT&user=lRFTBFgAAAAJ&sortby=pubdate&citation_for_view=lRFTBFgAAAAJ:geHnlv5EZngC	https://periodicos.univali.br/index.php/acotb/article/view/20331	10.14210/cotb.v15.p088-095
Semantic Segmentation of MiceWounds	Bruno Uhlmann Marcato, Soraia Mendes Pierotti, Patricia Durgante Ritter, Camila Rodrigues Ferraz, Waldiceu Aparecido Verri Jr, Rubia Casagrande, José Luis Seixas Junior, Rafael Gomes Mantovani	Processamento de Imagens, Aprendizado de Máquina, Bioinformática, Engenharia Biomédica	Anais	XV Computer on the Beach	2024-05-28	https://scholar.google.com.br/citations?view_op=view_citation&hl=pt-PT&user=lRFTBFgAAAAJ&sortby=pubdate&citation_for_view=lRFTBFgAAAAJ:8AbLer7MMksC	https://periodicos.univali.br/index.php/acotb/article/view/20320	10.14210/cotb.v15.p023-029
Sentiment Analysis in Social Networks during the 2021 and 2022 Formula 1 Seasons: A Study Using Natural Language Processing on Twitter	Matheus Mileski, Daniel Prado Campos, Luiz Fernando Carvalho, Rafael Gomes Mantovani	Processamento de Linguagem Natural, Aprendizado de Máquina, Reconhecimento de Padrões	Anais	XV Computer on the Beach	2024-05-28	https://scholar.google.com.br/citations?view_op=view_citation&hl=pt-PT&user=lRFTBFgAAAAJ&sortby=pubdate&citation_for_view=lRFTBFgAAAAJ:5Ul4iDaHHb8C	https://periodicos.univali.br/index.php/acotb/article/view/20360	10.14210/cotb.v15.p236-243
Automating Dungeon Level Design using Search-based Procedural Generation	Arthur R Pinheiro So, Alinne C Corrêa Souza, Lincoln M Costa, Rafael G Mantovani, Francisco Carlos M Souz	Computação Bioinspirada, Aprendizado de Máquina	Anais	Simpósio Brasileiro de Jogos e Entretenimento Digital (SBGames)	2024-09-30	https://scholar.google.com.br/citations?view_op=view_citation&hl=pt-PT&user=lRFTBFgAAAAJ&sortby=pubdate&citation_for_view=lRFTBFgAAAAJ:35r97b3x0nAC	https://sol.sbc.org.br/index.php/sbgames_estendido/article/view/32008	10.5753/sbgames_estendido.2024.241254
Design and Evaluation of a Procedurally Generated Dungeon Game	Arthur R Pinheiro So, Alinne C Corrêa Souza, Lincoln M Costa, Rafael G Mantovani, Francisco Carlos M Souza	Computação Bioinspirada, Aprendizado de Máquina	Anais	Simpósio Brasileiro de Jogos e Entretenimento Digital (SBGames)	2024-09-30	https://scholar.google.com.br/citations?view_op=view_citation&hl=pt-PT&user=lRFTBFgAAAAJ&sortby=pubdate&citation_for_view=lRFTBFgAAAAJ:-_dYPAW6P2MC	https://sol.sbc.org.br/index.php/sbgames/article/view/32321	10.5753/sbgames.2024.241270
Investigating Student Dropout Risk in Higher Education through Machine Learning	Pedro Mian Parra, Muriel de Souza Godoi, Francisco Carlos Monteiro Souza, Alinne C Correa Souza, Edgar de Souza Vismara, Rafael Gomes Mantovani	Aprendizado de Máquina, Informática na Educação, Reconhecimento de Padrões	Anais	Simpósio Brasileiro de Informática na Educação (SBIE)	2024-11-04	https://scholar.google.com.br/citations?view_op=view_citation&hl=pt-PT&user=lRFTBFgAAAAJ&sortby=pubdate&citation_for_view=lRFTBFgAAAAJ:j8SEvjWlNXcC	https://sol.sbc.org.br/index.php/sbie/article/view/31464	10.5753/sbie.2024.244900
Automatic Area Estimation of Mice Wound Images	Bruno Uhlmann Marcato, Camila Rodrigues Ferraz, Waldiceu Aparecido Verri Jr, Rubia Casagrande, Daniel Prado Campos, José Luis Seixas Junior, Rafael Gomes Mantovani	Processamento de Imagens, Aprendizado de Máquina, Bioinformática, Engenharia Biomédica	Anais	Symposium on Knowledge Discovery, Mining and Learning (KDMiLe) 	2024-11-17	https://scholar.google.com.br/citations?view_op=view_citation&hl=pt-PT&user=lRFTBFgAAAAJ&sortby=pubdate&citation_for_view=lRFTBFgAAAAJ:evX43VCCuoAC	https://sol.sbc.org.br/index.php/kdmile/article/view/30941	10.5753/kdmile.2024.241973
A Review on the Recent use of Machine Learning for Gesture Recognition using Myoelectric Signals	Gabriel Molina de Lima, Daniel Prado Campos, Rafael Gomes Mantovani	Processamento de Sinais, Aprendizado de Máquina, Reconhecimento de Padrões, Engenharia Biomédica	Anais	Encontro Nacional de Inteligência Artificial e Computacional (ENIAC)	2024-11-17	https://scholar.google.com.br/citations?view_op=view_citation&hl=pt-PT&user=lRFTBFgAAAAJ&sortby=pubdate&citation_for_view=lRFTBFgAAAAJ:uJ-U7cs_P_0C	https://sol.sbc.org.br/index.php/eniac/article/view/33792	10.5753/eniac.2024.245071
Music Genre Recognition with Handcrafted Audio Features	André Luís de Oliveira, Luiz Fernando Carvalho, Daniel Prado Campos, Rafael Gomes Mantovani	Processamento de Sinais, Aprendizado de Máquina, Reconhecimento de Padrões	Anais	Encontro Nacional de Inteligência Artificial e Computacional (ENIAC)	2024-11-17	https://scholar.google.com.br/citations?view_op=view_citation&hl=pt-PT&user=lRFTBFgAAAAJ&sortby=pubdate&citation_for_view=lRFTBFgAAAAJ:VLnqNzywnoUC	https://sol.sbc.org.br/index.php/eniac/article/view/33823	10.5753/eniac.2024.245072
Novel applications of item response theory for analysing data set complexity and benchmark selection	João Luiz Junho Pereira, Alfredo Antonio Alencar Exposito de Queiroz, Telmo de Menezes e Silva Filho, Ana Carolina Lorena, Rafael Gomes Mantovani, Gisele Lobo Pappa, Ricardo Bastos Cavalcante Prudêncio	Aprendizado de Máquina, Reconhecimento de Padrões	Artigo	Machine Learning	2025-08-29	https://scholar.google.com.br/citations?view_op=view_citation&hl=pt-PT&user=lRFTBFgAAAAJ&sortby=pubdate&citation_for_view=lRFTBFgAAAAJ:t7zJ5fGR-2UC	https://link.springer.com/article/10.1007/s10994-025-06873-3	10.1007/s10994-025-06873-3
Near real-time security system applied to SDN environments in IoT networks using convolutional neural network	Marcos VO de Assis, Luiz F Carvalho, Joel JPC Rodrigues, Jaime Lloret, Mario L Proença Jr	Segurança da Informação, Aprendizado de Máquina, Redes de Computadores	Artigo	Computers & Electrical Engineering	2020-09-01	https://scholar.google.com.br/citations?view_op=view_citation&hl=pt-PT&user=bfLvZN4AAAAJ&sortby=pubdate&citation_for_view=bfLvZN4AAAAJ:kNdYIx-mwKoC	https://www.sciencedirect.com/science/article/abs/pii/S0045790620305930	10.1016/j.compeleceng.2020.106738
A GRU deep learning system against attacks in software defined networks	Marcos VO Assis, Luiz F Carvalho, Jaime Lloret, Mario L Proença Jr	Segurança da Informação, Aprendizado de Máquina, Redes de Computadores	Artigo	Journal of Network and Computer Applications	2021-03-01	https://scholar.google.com.br/citations?view_op=view_citation&hl=pt-PT&user=bfLvZN4AAAAJ&sortby=pubdate&citation_for_view=bfLvZN4AAAAJ:Zph67rFs4hoC	https://www.sciencedirect.com/science/article/abs/pii/S1084804520304008	10.1016/j.jnca.2020.102942
Adversarial Deep Learning approach detection and defense against DDoS attacks in SDN environments	Matheus P Novaes, Luiz F Carvalho, Jaime Lloret, Mario Lemes Proença Jr	Segurança da Informação, Aprendizado de Máquina, Redes de Computadores	Artigo	Future Generation Computer Systems	2021-12-01	https://scholar.google.com.br/citations?view_op=view_citation&hl=pt-PT&user=bfLvZN4AAAAJ&sortby=pubdate&citation_for_view=bfLvZN4AAAAJ:KlAtU1dfN6UC	https://www.sciencedirect.com/science/article/abs/pii/S0167739X21002429	10.1016/j.future.2021.06.047
Unsupervised online anomaly detection in Software Defined Network environments	Gustavo Frigo Scaranti, Luiz Fernando Carvalho, Sylvio Barbon Junior, Jaime Lloret, Mario Lemes Proença Jr	Segurança da Informação, Aprendizado de Máquina, Redes de Computadores	Artigo	Expert Systems with Applications	2022-04-01	https://scholar.google.com.br/citations?view_op=view_citation&hl=pt-PT&user=bfLvZN4AAAAJ&sortby=pubdate&citation_for_view=bfLvZN4AAAAJ:ULOm3_A8WrAC	https://www.sciencedirect.com/science/article/abs/pii/S0957417421015384	10.1016/j.eswa.2021.116225
A gated recurrent unit deep learning model to detect and mitigate distributed denial of service and portscan attacks	Daniel M Brandao Lent, Matheus P Novaes, Luiz F Carvalho, Jaime Lloret, Joel JPC Rodrigues, Mario Lemes Proença	Segurança da Informação, Aprendizado de Máquina, Processamento de Sinais, Redes de Computadores	Artigo	IEEE Access	2022-07-12	https://scholar.google.com.br/citations?view_op=view_citation&hl=pt-PT&user=bfLvZN4AAAAJ&sortby=pubdate&citation_for_view=bfLvZN4AAAAJ:YOwf2qJgpHMC	https://ieeexplore.ieee.org/abstract/document/9826720	10.1109/ACCESS.2022.3190008
An unsupervised generative adversarial network system to detect ddos attacks in sdn	Daniel M Brandão Lent, Vitor G Da Silva Ruffo, Luiz F Carvalho, Jaime Lloret, Joel JPC Rodrigues, Mario Lemes Proença	Processamento de Sinais, Aprendizado de Máquina, Segurança da Informação, Redes de Computadores	Artigo	IEEE Access	2024-05-16	https://scholar.google.com.br/citations?view_op=view_citation&hl=pt-PT&user=bfLvZN4AAAAJ&sortby=pubdate&citation_for_view=bfLvZN4AAAAJ:mVmsd5A6BfQC	https://ieeexplore.ieee.org/abstract/document/10531741	10.1109/ACCESS.2024.3402069
Anomaly and intrusion detection using deep learning for software-defined networks: A survey	Vitor Gabriel da Silva Ruffo, Daniel Matheus Brandão Lent, Mateus Komarchesqui, Vinícius Ferreira Schiavon, Marcos Vinicius Oliveira de Assis, Luiz Fernando Carvalho, Mario Lemes Proença Jr	Segurança da Informação, Aprendizado de Máquina, Redes de Computadores	Artigo	Expert Systems with Applications	2024-08-05	https://scholar.google.com.br/citations?view_op=view_citation&hl=pt-PT&user=bfLvZN4AAAAJ&sortby=pubdate&citation_for_view=bfLvZN4AAAAJ:M3ejUd6NZC8C	https://www.sciencedirect.com/science/article/abs/pii/S0957417424018499	10.1016/j.eswa.2024.124982
Generative adversarial network models for anomaly detection in software-defined networks	Alexandro Marcelo Zacaron, Daniel Matheus Brandão Lent, Vitor Gabriel da Silva Ruffo, Luiz Fernando Carvalho, Mario Lemes Proença Jr	Segurança da Informação, Aprendizado de Máquina, Redes de Computadores	Artigo	Journal of Network and Systems Management	2024-09-12	https://scholar.google.com.br/citations?view_op=view_citation&hl=pt-PT&user=bfLvZN4AAAAJ&sortby=pubdate&citation_for_view=bfLvZN4AAAAJ:4DMP91E08xMC	https://link.springer.com/article/10.1007/s10922-024-09867-z	s10922-024-09867-z
 Unsupervised DDoS Detection Using Entropy Features and f-AnoGAN in Software-Defined Networks	Vitor Gabriel Da Silva Ruffo, Luiz Fernando Carvalho, Jaime Lloret, Mario Lemes Proenca	Segurança da Informação, Aprendizado de Máquina, Redes de Computadores	Anais	11th International Conference on Software Defined Systems (SDS)	2024-12-09	https://scholar.google.com.br/citations?view_op=view_citation&hl=pt-PT&user=bfLvZN4AAAAJ&sortby=pubdate&citation_for_view=bfLvZN4AAAAJ:4TOpqqG69KYC	https://ieeexplore.ieee.org/abstract/document/10883901	10.1109/SDS64317.2024.10883901
Explainable AI Feature Selection in Generative Adversarial Networks System aiming to detect DDoS Attacks	Mateus Komarchesqui, Daniel Matheus Brandão Lent, Vitor Gabriel Da Silva Ruffo, Luiz Fernando Carvalho, Jaime Lloret, Mario Lemes Proenca	Segurança da Informação, Aprendizado de Máquina, Redes de Computadores	Anais	11th International Conference on Software Defined Systems (SDS)	2024-12-09	https://scholar.google.com.br/citations?view_op=view_citation&hl=pt-PT&user=bfLvZN4AAAAJ&sortby=pubdate&citation_for_view=bfLvZN4AAAAJ:qxL8FJ1GzNcC	https://ieeexplore.ieee.org/abstract/document/10883903	10.1109/SDS64317.2024.10883903
Generative adversarial networks to detect intrusion and anomaly in IP flow-based networks	Vitor G da Silva Ruffo, Daniel M Brandão Lent, Luiz F Carvalho, Jaime Lloret, Mario Lemes Proença Jr	Segurança da Informação, Aprendizado de Máquina, Redes de Computadores	Artigo	Future Generation Computer Systems 	2025-02-01	https://scholar.google.com.br/citations?view_op=view_citation&hl=pt-PT&user=bfLvZN4AAAAJ&sortby=pubdate&citation_for_view=bfLvZN4AAAAJ:Wp0gIr-vW9MC	https://www.sciencedirect.com/science/article/abs/pii/S0167739X24004953	10.1016/j.future.2024.107531
Thermal Variations in Osteoporosis After Aclasta® Administration: Case Study	Wally auf der Strasse, Daniel Prado Campos, Celso Júnio Aguiar Mendonça, Joaquim Mendes, Jamil Faissal Soni, Percy Nohama	Engenharia Biomédica, Processamento de Imagens, Reconhecimento de Padrões, Bioinformática	Artigo	International Journal of Online and Biomedical Engineering (iJOE)	2020-09-18	https://scholar.google.com.br/citations?view_op=view_citation&hl=pt-PT&user=61qEu1AAAAAJ&cstart=20&pagesize=80&sortby=pubdate&citation_for_view=61qEu1AAAAAJ:ZeXyd9-uunAC	https://online-journals.org/index.php/i-joe/article/view/14635	10.3991/ijoe.v16i10.14635
Analysis of influence of segmentation, features, and classification in sEMG processing: A case study of recognition of brazilian sign language alphabet	José Jair Alves Mendes Junior, Melissa La Banca Freitas, Daniel Prado Campos, Felipe Adalberto Farinelli, Sergio Luiz Stevan Jr, Sérgio Francisco Pichorim	Engenharia Biomédica, Processamento de Sinais, Reconhecimento de Padrões, Aprendizado de Máquina	Artigo	Sensors	2020-08-05	https://scholar.google.com.br/citations?view_op=view_citation&hl=pt-PT&user=61qEu1AAAAAJ&cstart=20&pagesize=80&sortby=pubdate&citation_for_view=61qEu1AAAAAJ:_FxGoFyzp5QC	https://www.mdpi.com/1424-8220/20/16/4359	10.3390/s20164359
Impact of sEMG Time-series Segmentation Parameters on the Recognition of Hand Gestures	Carlos Eduardo Pontim, José Jair ALves Mendes Júnior, Hygor Vinícius Pereira Martins, Daniel Prado Campos	Engenharia Biomédica, Processamento de Sinais, Reconhecimento de Padrões, Aprendizado de Máquina	Artigo	Journal of Applied Instrumentation and Control	2020-10-15	https://scholar.google.com.br/citations?view_op=view_citation&hl=pt-PT&user=61qEu1AAAAAJ&cstart=20&pagesize=80&sortby=pubdate&citation_for_view=61qEu1AAAAAJ:YOwf2qJgpHMC	https://periodicos.utfpr.edu.br/bjic/article/view/11313	10.3895/jaic.v8n1.11313
Recognition of Facial Patterns Using Surface Electromyography—A Preliminary Study	MR Lima, José Jair Alves Mendes Júnior, Daniel Prado de Campos 	Engenharia Biomédica, Processamento de Sinais, Reconhecimento de Padrões, Aprendizado de Máquina	Anais	XXVII Brazilian Congress on Biomedical Engineering	2020-10-26	https://scholar.google.com.br/citations?view_op=view_citation&hl=pt-PT&user=61qEu1AAAAAJ&cstart=20&pagesize=80&sortby=pubdate&citation_for_view=61qEu1AAAAAJ:qxL8FJ1GzNcC	https://link.springer.com/chapter/10.1007/978-3-030-70601-2_300	10.1007/978-3-030-70601-2_300
Development of bionic hand using myoelectric control for transradial amputees	Carlos Eduardo Pontim, MG Alves, José Jair Alves Mendes Júnior, Daniel Prado de Campos, JAP Setti	Engenharia Biomédica, Processamento de Sinais, Reconhecimento de Padrões	Anais	XXVII Brazilian Congress on Biomedical Engineering	2020-10-26	https://scholar.google.com.br/citations?view_op=view_citation&hl=pt-PT&user=61qEu1AAAAAJ&cstart=20&pagesize=80&sortby=pubdate&citation_for_view=61qEu1AAAAAJ:aqlVkmm33-oC	https://link.springer.com/chapter/10.1007/978-3-030-70601-2_213	10.1007/978-3-030-70601-2_213
Design and Performance Evaluation of a Custom 3D Printed Thumb Orthosis to Reduce Occupational Risk in an Automotive Assembly Line	H Toso, Daniel Prado de Campos, HVP Martins, R Wenke, M Salatiel, JAP Setti, G Balbinotti 	Engenharia Biomédica, Processamento de Sinais, Reconhecimento de Padrões	Anais	XXVII Brazilian Congress on Biomedical Engineering	2020-10-26	https://scholar.google.com.br/citations?view_op=view_citation&hl=pt-PT&user=61qEu1AAAAAJ&cstart=20&pagesize=80&sortby=pubdate&citation_for_view=61qEu1AAAAAJ:4DMP91E08xMC	https://link.springer.com/chapter/10.1007/978-3-030-70601-2_190	10.1007/978-3-030-70601-2_190
Perspectives on EMG-Controlled Prosthetic Robotic Hands: Trends and Challenges	Carlos Eduardo Pontim, Arturo Vaine, Hygor Vinícius Pereira Martins, Kevin Christlieb Deessuy, Eduardo Felipe Ardigo Braga, José Jair Alves Mendes Júnior, Daniel Prado de Campos	Robótica, Engenharia Biomédica, Processamento de Sinais, Aprendizado de Máquina, Reconhecimento de Padrões, Computação Bioinspirada	Anais	XXVII Brazilian Congress on Biomedical Engineering	2020-10-26	https://scholar.google.com.br/citations?view_op=view_citation&hl=pt-PT&user=61qEu1AAAAAJ&cstart=20&pagesize=80&sortby=pubdate&citation_for_view=61qEu1AAAAAJ:Wp0gIr-vW9MC	https://link.springer.com/chapter/10.1007/978-3-030-70601-2_205	10.1007/978-3-030-70601-2_205
 Channel Influence in Armband Approach for Gesture Recognition by sEMG Signals	JJA Mendes Jr, MLB Freitas, Daniel Prado de Campos, CE Pontim, SL Stevan Jr, SF Pichorim 	Processamento de Sinais, Aprendizado de Máquina, Reconhecimento de Padrões, Computação Bioinspirada, Engenharia Biomédica	Anais	XXVII Brazilian Congress on Biomedical Engineering	2020-10-26	https://scholar.google.com.br/citations?view_op=view_citation&hl=pt-PT&user=61qEu1AAAAAJ&cstart=20&pagesize=80&sortby=pubdate&citation_for_view=61qEu1AAAAAJ:mVmsd5A6BfQC	https://link.springer.com/chapter/10.1007/978-3-030-70601-2_234	10.1007/978-3-030-70601-2_234
Multi-label EMG Classification of Isotonic Hand Movements: A Suitable Method for Robotic Prosthesis Control	José Jair Alves Mendes Junior, Carlos Eduardo Pontim, Daniel Prado de Campos	Processamento de Sinais, Aprendizado de Máquina, Reconhecimento de Padrões, Robótica, Engenharia Biomédica	Anais	XXVII Brazilian Congress on Biomedical Engineering	2020-10-26	https://scholar.google.com.br/citations?view_op=view_citation&hl=pt-PT&user=61qEu1AAAAAJ&cstart=20&pagesize=80&sortby=pubdate&citation_for_view=61qEu1AAAAAJ:9ZlFYXVOiuMC	https://link.springer.com/chapter/10.1007/978-3-030-70601-2_243	10.1007/978-3-030-70601-2_243
Independent component analysis in multi-channel forearm surface electromyography processing on armband approach for hand gesture classification	José Jair Alves Mendes Junior, Daniel Prado de Campos, Thiago Simões Dias, Hugo Valadares Siqueira, Sergio Luiz Stevan Jr, Sergio Francisco Pichorim	Processamento de Sinais, Aprendizado de Máquina, Reconhecimento de Padrões, Engenharia Biomédica	Artigo	Research on Biomedical Engineering	2020-08-15	https://scholar.google.com.br/citations?view_op=view_citation&hl=pt-PT&user=61qEu1AAAAAJ&cstart=20&pagesize=80&sortby=pubdate&citation_for_view=61qEu1AAAAAJ:LkGwnXOMwfcC	https://link.springer.com/article/10.1007/s42600-020-00082-8	10.1007/s42600-020-00082-8
Evaluation of the Thermal Profile of the Medial Tibia Shaft in Healthy Volunteers	Daniel Prado de Campos, M Ranciaro, EL dos Santos, MFF Vara, J Mendes, GN Nogueira-Neto, P Nohama	Processamento de Imagens, Informática na Educação, Engenharia Biomédica	Anais	2021 Global Medical Engineering Physics Exchanges/Pan American Health Care Exchanges (GMEPE/PAHCE)	2021-03-15	https://scholar.google.com.br/citations?view_op=view_citation&hl=pt-PT&user=61qEu1AAAAAJ&cstart=20&pagesize=80&sortby=pubdate&citation_for_view=61qEu1AAAAAJ:hqOjcs7Dif8C	https://ieeexplore.ieee.org/abstract/document/9434867	10.1109/GMEPE/PAHCE50215.2021.9434867
Image Acquisition Protocol by Infrared Medical Thermography in Diaphyseal Tibial Injuries in a Patient Diagnosed with Pseudarthrosis–A Case Study	Daniel Prado de Campos, J Mendes, CJA Mendonça, JF Soni, P Nohama	Engenharia Biomédica, Processamento de Imagens	Anais	2021 Global Medical Engineering Physics Exchanges/Pan American Health Care Exchanges (GMEPE/PAHCE)	2021-03-15	https://scholar.google.com.br/citations?view_op=view_citation&hl=pt-PT&user=61qEu1AAAAAJ&cstart=20&pagesize=80&sortby=pubdate&citation_for_view=61qEu1AAAAAJ:0EnyYjriUFMC	https://ieeexplore.ieee.org/abstract/document/9434847	10.1109/GMEPE/PAHCE50215.2021.9434847
A critical review of techniques in power and data transmission for implantable EMG	Eduardo Felipe Ardigo Braga, Daniel Prado de Campos	Engenharia Biomédica, Processamento de Sinais, Aprendizado de Máquina	Artigo	Journal of Applied Instrumentation and Control	2021-04-18	https://scholar.google.com.br/citations?view_op=view_citation&hl=pt-PT&user=61qEu1AAAAAJ&cstart=20&pagesize=80&sortby=pubdate&citation_for_view=61qEu1AAAAAJ:IWHjjKOFINEC	https://periodicos.utfpr.edu.br/bjic/article/view/11293	10.3895/jaic.v8n1.11293
EEG-FES-Force-MMG closed-loop control systems of a volunteer with paraplegia considering motor imagery with fatigue recognition and automatic shut-off	Paulo Broniera Junior, Daniel Prado de Campos, André Eugenio Lazzaretti, Percy Nohama, Aparecido Augusto Carvalho, Eddy Krueger, Marcelo Carvalho Minhoto Teixeira	Engenharia Biomédica, Processamento de Sinais, Aprendizado de Máquina, Reconhecimento de Padrões, Robótica	Artigo	Biomedical Signal Processing and Control	2021-07-01	https://scholar.google.com.br/citations?view_op=view_citation&hl=pt-PT&user=61qEu1AAAAAJ&cstart=20&pagesize=80&sortby=pubdate&citation_for_view=61qEu1AAAAAJ:UebtZRa9Y70C	https://www.sciencedirect.com/science/article/abs/pii/S1746809421002597	10.1016/j.bspc.2021.102662
Evaluation of Tibia Bone Healing by Infrared Thermography: A Case Study	Wally auf der Strasse, Daniel Prado Campos, Celso Júnio Aguiar Mendonça, Jamil Faissal Soni, Joaquim Mendes, Percy Nohama	Processamento de Imagens, Engenharia Biomédica	Artigo	Journal of Multidisciplinary Healthcare	2021-11-13	https://scholar.google.com.br/citations?view_op=view_citation&hl=pt-PT&user=61qEu1AAAAAJ&cstart=20&pagesize=80&sortby=pubdate&citation_for_view=61qEu1AAAAAJ:Zph67rFs4hoC	https://www.tandfonline.com/doi/full/10.2147/JMDH.S330094	10.2147/JMDH.S330094
Muscle activity during oral processing of sticky-cohesive foods	Seyed Mostafa Kazemeini, Daniel Prado Campos, Andrew J Rosenthal	Processamento de Sinais, Engenharia Biomédica, Aprendizado de Máquina	Artigo	Physiology & Behavior	2021-12-01	https://scholar.google.com.br/citations?view_op=view_citation&hl=pt-PT&user=61qEu1AAAAAJ&cstart=20&pagesize=80&sortby=pubdate&citation_for_view=61qEu1AAAAAJ:8k81kl-MbHgC	https://www.sciencedirect.com/science/article/pii/S0031938421002699	10.1016/j.physbeh.2021.113580
Thermography of hand rewarming parameters in Raynaud’s phenomenon	Daniel Prado de Campos, Wagner Luis Ripka, Catia Terezinha Heimbecher, Leandra Ulbricht	Engenharia Biomédica, Processamento de Imagens	Artigo	Research on Biomedical Engineering	2021-12-01	https://scholar.google.com.br/citations?view_op=view_citation&hl=pt-PT&user=61qEu1AAAAAJ&cstart=20&pagesize=80&sortby=pubdate&citation_for_view=61qEu1AAAAAJ:3fE2CSJIrl8C	https://link.springer.com/article/10.1007/s42600-021-00186-9	10.1007/s42600-021-00186-9
Forehead, temple and wrist temperature assessment of ethnic groups using infrared technology	Wally auf der Strasse, Daniel Prado de Campos, Celso Júnio Aguiar Mendonça, Jamil Faissal Soni, Joaquim Mendes, Percy Nohama	Engenharia Biomédica, Processamento de Imagens	Artigo	Medical Engineering & Physics	2022-04-01	https://scholar.google.com.br/citations?view_op=view_citation&hl=pt-PT&user=61qEu1AAAAAJ&cstart=20&pagesize=80&sortby=pubdate&citation_for_view=61qEu1AAAAAJ:4TOpqqG69KYC	https://www.sciencedirect.com/science/article/pii/S1350453322000285	10.1016/j.medengphy.2022.103777
Influence of EEG channel reduction on lower limb motor imagery during electrical stimulation in healthy and paraplegic subjects	Paulo Broniera Júnior, Daniel Prado Campos, André Eugênio Lazzaretti, Percy Nohama, Aparecido Augusto Carvalho, Eddy Krueger, Marcelo Carvalho Minhoto Teixeira	Engenharia Biomédica, Processamento de Sinais, Aprendizado de Máquina, Reconhecimento de Padrões, Robótica	Artigo	Research on Biomedical Engineering	2022-01-28	https://scholar.google.com.br/citations?view_op=view_citation&hl=pt-PT&user=61qEu1AAAAAJ&cstart=20&pagesize=80&sortby=pubdate&citation_for_view=61qEu1AAAAAJ:_kc_bZDykSQC	https://link.springer.com/article/10.1007/s42600-021-00189-6	10.1007/s42600-021-00189-6
Thermography applied in the diagnostic assessment of bone fractures	WAD Strasse, M Ranciaro, KRG De Oliveira, DP Campos, CJA Mendonça, JF Soni, J Mendes, GN Nogueira-Neto, P Nohama	Engenharia Biomédica, Processamento de Imagens	Artigo	Research on Biomedical Engineering	2022-02-21	https://scholar.google.com.br/citations?view_op=view_citation&hl=pt-PT&user=61qEu1AAAAAJ&cstart=20&pagesize=80&sortby=pubdate&citation_for_view=61qEu1AAAAAJ:M3ejUd6NZC8C	https://link.springer.com/article/10.1007/s42600-022-00206-2	10.1007/s42600-022-00206-2
Detecting bone lesions in the emergency room with medical infrared thermography	Wally auf der Strasse, Daniel Prado Campos, Celso Júnio Aguiar Mendonça, Jamil Faissal Soni, Joaquim Mendes, Percy Nohama	Processamento de Imagens, Engenharia Biomédica	Artigo	BioMedical Engineering OnLine	2022-06-13	https://scholar.google.com.br/citations?view_op=view_citation&hl=pt-PT&user=61qEu1AAAAAJ&cstart=20&pagesize=80&sortby=pubdate&citation_for_view=61qEu1AAAAAJ:KlAtU1dfN6UC	https://link.springer.com/article/10.1186/s12938-022-01005-7	10.1186/s12938-022-01005-7
Evaluating physiological progression of chronic tibial osteomyelitis using infrared thermography	Wally auf der Strasse, Daniel Prado Campos, Celso Júnio Aguiar Mendonça, Jamil Faissal Soni, Felipe Tuon, Joaquim Mendes, Percy Nohama	Processamento de Imagens, Engenharia Biomédica	Artigo	Research on Biomedical Engineering	2022-06-25	https://scholar.google.com.br/citations?view_op=view_citation&hl=pt-PT&user=61qEu1AAAAAJ&cstart=20&pagesize=80&sortby=pubdate&citation_for_view=61qEu1AAAAAJ:_Qo2XoVZTnwC	https://link.springer.com/article/10.1007/s42600-022-00228-w	10.1007/s42600-022-00228-w
Efetividade da interface MESS-FESS na dorsiflexão de tornozelo após AVC por cavernoma: estudo de caso	Nathalia Fontana Pereira, Eduarda Campanini Alvares, Fernando Pinto Guedes, Daniel Prado Campos, Roger Burgo de Souza, Eddy Krueger	Processamento de Sinais, Engenharia Biomédica, Robótica	Artigo	Revista Neurociências	2022-09-28	https://scholar.google.com.br/citations?view_op=view_citation&hl=pt-PT&user=61qEu1AAAAAJ&cstart=20&pagesize=80&sortby=pubdate&citation_for_view=61qEu1AAAAAJ:7PzlFSSx8tAC	https://periodicos.unifesp.br/index.php/neurociencias/article/view/13579	10.34024/rnc.2022.v30.13579
Joint Coordination to Maintain Postural Balance Differs Between Preferred and Non-preferred Lower Limbs	CDP Rinaldin, VA Silva, DP Campos, EF Manffra	Processamento de Sinais, Engenharia Biomédica, Robótica	Anais	Latin American Conference on Biomedical Engineering	2022-10-24	https://scholar.google.com.br/citations?view_op=view_citation&hl=pt-PT&user=61qEu1AAAAAJ&cstart=20&pagesize=80&sortby=pubdate&citation_for_view=61qEu1AAAAAJ:GnPB-g6toBAC	https://link.springer.com/chapter/10.1007/978-3-031-49407-9_14	10.1007/978-3-031-49407-9_14
AD8232 to Biopotentials Sensors: Open Source Project and Benchmark	José Jair Alves Mendes Junior, Daniel Prado Campos, Lorenzo Coelho de Andrade Villela De Biassio, Pedro Carlin Passos, Paulo Broniera Júnior, André Eugênio Lazzaretti, Eddy Krueger	Processamento de Sinais, Engenharia Biomédica, Aprendizado de Máquina	Artigo	Electronics	2023-02-07	https://scholar.google.com.br/citations?view_op=view_citation&hl=pt-PT&user=61qEu1AAAAAJ&cstart=20&pagesize=80&sortby=pubdate&citation_for_view=61qEu1AAAAAJ:qUcmZB5y_30C	https://www.mdpi.com/2079-9292/12/4/833	10.3390/electronics12040833
How do sEMG segmentation parameters influence pattern recognition process? An approach based on wearable sEMG sensor	José Jair Alves Mendes Junior, Carlos Eduardo Pontim, Thiago Simões Dias, Daniel Prado Campos	Processamento de Sinais, Aprendizado de Máquina, Reconhecimento de Padrões, Engenharia Biomédica, Robótica	Artigo	Biomedical Signal Processing and Control	2023-03-01	https://scholar.google.com.br/citations?view_op=view_citation&hl=pt-PT&user=61qEu1AAAAAJ&cstart=20&pagesize=80&sortby=pubdate&citation_for_view=61qEu1AAAAAJ:L8Ckcad2t8MC	https://www.sciencedirect.com/science/article/pii/S174680942201000X	10.1016/j.bspc.2022.104546
Development of a robotic orthosis for fingers flexion motion by surface myoelectric control: Open source prototype	Hygor Vinicius Pereira Martins, João Antônio Palma Setti, Cayley Guimarães, Daniel Prado Campos	Processamento de Sinais, Aprendizado de Máquina, Robótica, Engenharia Biomédica	Artigo	Biomedical Signal Processing and Control	2023-08-01	https://scholar.google.com.br/citations?view_op=view_citation&hl=pt-PT&user=61qEu1AAAAAJ&sortby=pubdate&citation_for_view=61qEu1AAAAAJ:hC7cP41nSMkC	https://www.sciencedirect.com/science/article/pii/S1746809423004470	10.1016/j.bspc.2023.105014
Individual Coordinative Structures During Single-Legged Stance Present Lateral Asymmetry	Carla Daniele Pacheco Rinaldin, Verônica Andrade da Silva, Joseana Wendling Withers, Daniel Prado Campos, Elisângela Ferretti Manffra	Processamento de Sinais, Engenharia Biomédica, Robótica	Artigo	Perceptual and Motor Skills	2023-08-01	https://scholar.google.com.br/citations?view_op=view_citation&hl=pt-PT&user=61qEu1AAAAAJ&sortby=pubdate&citation_for_view=61qEu1AAAAAJ:O3NaXMp0MMsC	https://journals.sagepub.com/doi/abs/10.1177/00315125251364103	10.1177/00315125251364103
Ineffective voluntary motor improvement through non-invasive BCI-FES with static magnetic field in complete spinal cord injury: A pilot study	Larissa Gomes Sartori, Roger Burgo de Souza, Daniel Prado Campos, Paulo Broniera Júnior, José Jair Alves Mendes Junior, Eddy Krueger	Processamento de Sinais, Engenharia Biomédica, Robótica	Artigo	Global Translational Medicine	2024-03-22	https://scholar.google.com.br/citations?view_op=view_citation&hl=pt-PT&user=61qEu1AAAAAJ&sortby=pubdate&citation_for_view=61qEu1AAAAAJ:mB3voiENLucC	https://www.accscience.com/journal/GTM/3/1/10.36922/gtm.2285	10.36922/gtm.2285
MES-FES Interface Enhances Quadriceps Muscle Response in Sitting Position in Incomplete Spinal Cord Injury: Pilot Study	Denise Bolonhezi Ribeiro, Larissa Gomes Sartori, María Verónica González Méndez, Roger Burgo de Souza, Daniel Prado Campos, Paulo Broniera Júnior, José JA Mendes Junior, Eddy Krueger	Processamento de Sinais, Engenharia Biomédica, Robótica	Artigo	Prosthesis	2024-06-11	https://scholar.google.com.br/citations?view_op=view_citation&hl=pt-PT&user=61qEu1AAAAAJ&sortby=pubdate&citation_for_view=61qEu1AAAAAJ:e5wmG9Sq2KIC	https://www.mdpi.com/2673-1592/6/3/45	10.3390/prosthesis6030045
Event-Driven sEMG Feature Extraction for Classifying Ingestive Behavior in Ruminants	Daniel P Campos, André E Lazzaretti, Fábio L Bertotti, João AG Hill, André LF da Silveira	Processamento de Sinais, Aprendizado de Máquina, Engenharia Biomédica	Artigo	IEEE Sensors Letters	2024-07-09	https://scholar.google.com.br/citations?view_op=view_citation&hl=pt-PT&user=61qEu1AAAAAJ&sortby=pubdate&citation_for_view=61qEu1AAAAAJ:RHpTSmoSYBkC	https://ieeexplore.ieee.org/abstract/document/10591327	10.1109/LSENS.2024.3424949
Evaluation of a Passive Upper-Limb Exoskeleton’s Electromyographic Response in Dynamic Industrial Operations	DP Campos, MCJ Wosch, JP Moreto Lourenção, TT Moreira, HB Toso, JJA Mendes Junior	Processamento de Sinais, Engenharia Biomédica, Robótica	Anais	Brazilian Congress on Biomedical Engineering	2024-09-02	https://scholar.google.com.br/citations?view_op=view_citation&hl=pt-PT&user=61qEu1AAAAAJ&sortby=pubdate&citation_for_view=61qEu1AAAAAJ:NMxIlDl6LWMC	https://link.springer.com/chapter/10.1007/978-3-031-93646-3_37	10.1007/978-3-031-93646-3_37
A Low-Cost LoRa-Based Wireless System for Real-Time Long-Range sEMG Monitoring	Cassio Slika Stella, Gabriel Finger Conte, Guilherme Almeida Carmo, André Luis Finkler da Silveira, João Ari Gualberto Hill, Daniel Prado Campos, Fábio Luiz Bertotti	Processamento de Sinais, Engenharia Biomédica, Redes de Computadores	Anais	Brazilian Congress on Biomedical Engineering	2024-09-02	https://scholar.google.com.br/citations?view_op=view_citation&hl=pt-PT&user=61qEu1AAAAAJ&sortby=pubdate&citation_for_view=61qEu1AAAAAJ:YFjsv_pBGBYC	https://link.springer.com/chapter/10.1007/978-3-031-93646-3_79	10.1007/978-3-031-93646-3_79
Analysis of the Efficiency of an Upper Limb Exoskeleton in Mitigating Ergonomic Risks in Work with Raised Arms During Polishing Activity in the Aeronautical Industry	Caroline Steudel, José Jair Alves Mendes Junior, Daniel Prado Campos	Processamento de Sinais, Engenharia Biomédica, Robótica	Anais	Brazilian Congress on Biomedical Engineering	2024-09-02	https://scholar.google.com.br/citations?view_op=view_citation&hl=pt-PT&user=61qEu1AAAAAJ&sortby=pubdate&citation_for_view=61qEu1AAAAAJ:ns9cj8rnVeAC	https://link.springer.com/chapter/10.1007/978-3-031-94934-0_84	10.1007/978-3-031-94934-0_84
Analysis of the Viability of Replacing Ag/AgCl Electrodes with Dry Electrodes for Gesture Classification from sEMG	Augusto Tetsuo Prado Inafuco, DP Campos, JJAM Junior	Processamento de Sinais, Aprendizado de Máquina, Reconhecimento de Padrões, Engenharia Biomédica, Robótica	Anais	Brazilian Congress on Biomedical Engineering	2024-09-02	https://scholar.google.com.br/citations?view_op=view_citation&hl=pt-PT&user=61qEu1AAAAAJ&sortby=pubdate&citation_for_view=61qEu1AAAAAJ:RGFaLdJalmkC	https://link.springer.com/chapter/10.1007/978-3-031-94934-0_58	10.1007/978-3-031-94934-0_58
Non-invasive muscle-machine interface open source project: wearable hand myoelectrical orthosis (MES-FES)	Daniel Prado Campos, José Jair Alves Mendes Junior, Paulo Broniera Junior, André Eugenio Lazzaretti, Larissa Gomes Sartori, Eddy Krueger	Processamento de Sinais, Robótica, Engenharia Biomédica, Aprendizado de Máquina	Artigo	Assistive Technology	2024-09-27	https://scholar.google.com.br/citations?view_op=view_citation&hl=pt-PT&user=61qEu1AAAAAJ&sortby=pubdate&citation_for_view=61qEu1AAAAAJ:j3f4tGmQtD8C	https://www.tandfonline.com/doi/abs/10.1080/10400435.2024.2382857	10.1080/10400435.2024.2382857
The impact of exoskeletons on industrial operations: a review of the knowledge and future research directions	Thayse Toledo Moreira, Higor Leite, Daniel P Campos	Robótica, Engenharia Biomédica	Artigo	Cognition, Technology & Work	2025-05-03	https://scholar.google.com.br/citations?view_op=view_citation&hl=pt-PT&user=61qEu1AAAAAJ&sortby=pubdate&citation_for_view=61qEu1AAAAAJ:maZDTaKrznsC	https://link.springer.com/article/10.1007/s10111-025-00799-5	10.1007/s10111-025-00799-5
Thermal profile of the spine for the assessment of bone metabolic disorders	Wally auf der Strasse, Daniel Prado Campos, Victória Zeghbi Cochenski Borba, Percy Nohama, Joaquim Mendes	Processamento de Imagens, Engenharia Biomédica	Artigo	Scientific Reports	2025-05-30	https://scholar.google.com.br/citations?view_op=view_citation&hl=pt-PT&user=61qEu1AAAAAJ&sortby=pubdate&citation_for_view=61qEu1AAAAAJ:M3NEmzRMIkIC	https://www.nature.com/articles/s41598-025-01798-2	10.1038/s41598-025-01798-2
MOT: A Low-Latency, Multichannel Wireless Surface Electromyography Acquisition System Based on the AD8232 Front-End	Augusto Tetsuo Prado Inafuco, Pablo Machoski, Daniel Prado Campos, Sergio Francisco Pichorim, José Jair Alves Mendes Junior	Processamento de Sinais, Engenharia Biomédica, Redes de Computadores, Robótica	Artigo	Sensors	2025-06-07	https://scholar.google.com.br/citations?view_op=view_citation&hl=pt-PT&user=61qEu1AAAAAJ&sortby=pubdate&citation_for_view=61qEu1AAAAAJ:JV2RwH3_ST0C	https://www.mdpi.com/1424-8220/25/12/3600	10.3390/s25123600
Online hand gesture recognition by sEMG: a system for Myo armband based on machine learning	Matheus Taborda Carneiro, Augusto Tetsuo Prado Inafuco, João Pedro Moreto Lourenção, Thiago Simões Dias, Daniel Prado Campos, José Jair Alves Mendes Junior	Processamento de Sinais, Aprendizado de Máquina, Reconhecimento de Padrões, Robótica, Engenharia Biomédica	Artigo	Research on Biomedical Engineering	2025-08-04	https://scholar.google.com.br/citations?view_op=view_citation&hl=pt-PT&user=61qEu1AAAAAJ&sortby=pubdate&citation_for_view=61qEu1AAAAAJ:hMod-77fHWUC	https://link.springer.com/article/10.1007/s42600-025-00426-2	10.1007/s42600-025-00426-2
Tibial Injury Detection using Convolutional Neural Networks	Matheus Bonfim da Rocha, Bruno Uhlmann Marcato, Wally auf der Strasse, Maiara Mitiko Taniguchi, José Luis Seixas Junior, Daniel Prado Campos, Rafael Gomes Mantovani	Processamento de Imagens, Aprendizado de Máquina, Reconhecimento de Padrões, Engenharia Biomédica	Anais	Symposium on Knowledge Discovery, Mining and Learning (KDMiLe)	2025-09-29	https://scholar.google.com.br/citations?view_op=view_citation&hl=pt-PT&user=61qEu1AAAAAJ&sortby=pubdate&citation_for_view=61qEu1AAAAAJ:BqipwSGYUEgC	https://sol.sbc.org.br/index.php/kdmile/article/view/37205	10.5753/kdmile.2025.247506
Is GPT-4 fair? An empirical analysis in automatic short answer grading	Luiz Rodrigues, Cleon Xavier, Newarney Costa, Dragan Gasevic, Rafael Ferreira Mello	Processamento de Linguagem Natural, Aprendizado de Máquina, Informática na Educação	Artigo	Computers and Education: Artificial Intelligence	2025-06-02	https://scholar.google.com.br/citations?view_op=view_citation&hl=pt-PT&user=CLoJl1kAAAAJ&sortby=pubdate&citation_for_view=CLoJl1kAAAAJ:OU6Ihb5iCvQC	https://www.sciencedirect.com/science/article/pii/S2666920X25000682	10.1016/j.caeai.2025.100428
Enhancing Essay Cohesion Assessment: A Novel Item Response Theory Approach	Bruno Alexandre Rosa, Hilário Oliveira, Luiz Rodrigues, Eduardo Araujo Oliveira, Rafael Ferreira Mello	Processamento de Linguagem Natural, Aprendizado de Máquina, Informática na Educação	Artigo	arXiv	2025-07-11	https://scholar.google.com.br/citations?view_op=view_citation&hl=pt-PT&user=CLoJl1kAAAAJ&sortby=pubdate&citation_for_view=CLoJl1kAAAAJ:dshw04ExmUIC	https://arxiv.org/abs/2507.08487	10.48550/arXiv.2507.08487
Evaluating Large Language Model Quality in Resource-Constrained Environments: An Educational Stakeholders’ Survey on Accuracy, Completeness, and Readability in Brazil	Aristoteles Barros, Mateus Monteiro, Luiz Rodrigues, Diego Dermeval, Seiji Isotani, Ig Ibert Bittencourt	Processamento de Linguagem Natural, Aprendizado de Máquina, Informática na Educação	Anais	Artificial Intelligence in Education (AIED 2025)	2025-07-15	https://scholar.google.com.br/citations?view_op=view_citation&hl=pt-PT&user=CLoJl1kAAAAJ&sortby=pubdate&citation_for_view=CLoJl1kAAAAJ:Tiz5es2fbqcC	https://link.springer.com/chapter/10.1007/978-3-031-98417-4_16	10.1007/978-3-031-98417-4_16
Usage Patterns and Performance Gains in Gamified Online Judges: A Data-Driven Analysis Informed by Cognitive Psychology in CS1	Luiz Rodrigues, Andres Felipe Zambrano, Maciej Pankiewicz, Amanda Barany, Ryan Baker	Aprendizado de Máquina, Informática na Educação, Processamento de Sinais	Anais	Artificial Intelligence in Education (AIED 2025)	2025-07-20	https://scholar.google.com.br/citations?view_op=view_citation&hl=pt-PT&user=CLoJl1kAAAAJ&sortby=pubdate&citation_for_view=CLoJl1kAAAAJ:XiSMed-E-HIC	https://link.springer.com/chapter/10.1007/978-3-031-98465-5_13	10.1007/978-3-031-98465-5_13
Gamified Intelligent Communities of Practice: A Path to Acknowledge and Support Underprivileged Teachers	Paula T Palomino, Luiz Rodrigues, Carlos Portela, Grace Lis Porto, Armando Toda, Ig Bittencourt, Seiji Isotani, Thiago Cordeiro	Informática na Educação, Aprendizado de Máquina	Anais	Artificial Intelligence in Education (AIED 2025)	2025-07-21	https://scholar.google.com.br/citations?view_op=view_citation&hl=pt-PT&user=CLoJl1kAAAAJ&sortby=pubdate&citation_for_view=CLoJl1kAAAAJ:UxriW0iASnsC	https://link.springer.com/chapter/10.1007/978-3-031-99261-2_18	10.1007/978-3-031-99261-2_18
The Impact of Oversampling Techniques on the Detection of Cognitive Presence	Vitor Rolim, Cleon Xavier, Luiz Rodrigues, Newarney Costa, Rafael Lins, Dragan Gašević, Rafael Mello	Processamento de Linguagem Natural, Aprendizado de Máquina, Informática na Educação	Anais	Artificial Intelligence in Education (AIED 2025)	2025-07-21	https://scholar.google.com.br/citations?view_op=view_citation&hl=pt-PT&user=CLoJl1kAAAAJ&sortby=pubdate&citation_for_view=CLoJl1kAAAAJ:SP6oXDckpogC	https://link.springer.com/chapter/10.1007/978-3-031-98462-4_51	10.1007/978-3-031-98462-4_51
“Small Device, Big Decision:” Comparing Lightweight LLMs’ Computational Performance and Output Quality for AIED Unplugged	Mateus Monteiro, Aristoteles Barros, Luiz Rodrigues, Diego Dermeval, Ig Ibert Bittencourt, Seiji Isotani, Valmir Macario	Processamento de Linguagem Natural, Aprendizado de Máquina, Informática na Educação	Anais	Artificial Intelligence in Education (AIED 2025)	2025-07-21	https://scholar.google.com.br/citations?view_op=view_citation&hl=pt-PT&user=CLoJl1kAAAAJ&sortby=pubdate&citation_for_view=CLoJl1kAAAAJ:u9iWguZQMMsC	https://link.springer.com/chapter/10.1007/978-3-031-99267-4_20	10.1007/978-3-031-99267-4_20
Analytics of Self-Regulated Learning in Learning Analytics Feedback Processes: Associations With Feedback Literacy in Secondary Education	Flora Ji‐Yoon Jin, Debarshi Nath, Rui Guan, Tongguang Li, Xinyu Li, Rafael Ferreira Mello, Luiz Rodrigues, Cleon Pereira Junior, Heba Abuzayyad‐Nuseibeh, Mladen Raković, Roberto Martinez‐Maldonado, Dragan Gašević, Yi‐Shan Tsai	Informática na Educação, Aprendizado de Máquina	Artigo	Journal of Computer Assisted Learning	2025-08-01	https://scholar.google.com.br/citations?view_op=view_citation&hl=pt-PT&user=CLoJl1kAAAAJ&sortby=pubdate&citation_for_view=CLoJl1kAAAAJ:nb7KW1ujOQ8C	https://onlinelibrary.wiley.com/doi/full/10.1111/jcal.70076	10.1111/jcal.70076
Justiça, Responsabilidade, Transparência e Ética em Learning Analytics: Um Mapeamento Sistemático da Literatura	Letícia Rocha de Oliveira, Diego Dermeval Medeiros da Cunha Matos, Luiz Antônio Lima Rodrigues, Maria Luiza Correia Oliveira Lima, Bárbara de Lima	Informática na Educação, Aprendizado de Máquina, Segurança da Informação	Artigo	Revista Brasileira de Informática na Educação	2025-08-18	https://scholar.google.com.br/citations?view_op=view_citation&hl=pt-PT&user=CLoJl1kAAAAJ&sortby=pubdate&citation_for_view=CLoJl1kAAAAJ:l7t_Zn2s7bgC	https://journals-sol.sbc.org.br/index.php/rbie/article/view/5840	10.5753/rbie.2025.5840
Escreva Mais: A Mobile Application to Enhancing Writing Skills in Resource-Constrained Classrooms	Rafael Ferreira Mello, Gabriel Barbosa, Silas Augusto, Lenon Anthony, Jamilla Lobo, Cleon Xavier, Newarney Torrezão da Costa, Luiz Rodrigues	Informática na Educação, Processamento de Linguagem Natural, Aprendizado de Máquina	Anais	European Conference on Technology Enhanced Learning (EC-TEL 2025)	2025-09-02	https://scholar.google.com.br/citations?view_op=view_citation&hl=pt-PT&user=CLoJl1kAAAAJ&sortby=pubdate&citation_for_view=CLoJl1kAAAAJ:WbkHhVStYXYC	https://link.springer.com/chapter/10.1007/978-3-032-03873-9_41	10.1007/978-3-032-03873-9_41
Empowering Equitable Learning with LLMs: Enhancing Writing Skills in Low-Resource Contexts	Rafael Ferreira Mello, Lenon Anthony, Jamilla Lobo, Fabíola Gonçalves Coelho Ribeiro, Cleon Xavier, Newarney Torrezão da Costa, Dragan Gasevic, Luiz Rodrigues	Informática na Educação, Processamento de Linguagem Natural, Aprendizado de Máquina	Anais	European Conference on Technology Enhanced Learning (EC-TEL 2025)	2025-09-02	https://scholar.google.com.br/citations?view_op=view_citation&hl=pt-PT&user=CLoJl1kAAAAJ&sortby=pubdate&citation_for_view=CLoJl1kAAAAJ:738O_yMBCRsC	https://link.springer.com/chapter/10.1007/978-3-032-03870-8_13	10.1007/978-3-032-03870-8_13
Human Teacher vs. LLM-Generated Feedback in Secondary Education: A Comparative Study on Student Perceptions	Cleon Xavier, Newarney Torrezão da Costa, Ana Karoline Valdo, Gabriel Alves, Luiz Rodrigues, Luiz Fernando Rodrigues, Matheus Silva, Rodrigues Neto, Taciana Pontual Falcão, Dragan Gasevic, Rafael Ferreira Mello	Informática na Educação, Processamento de Linguagem Natural, Aprendizado de Máquina	Anais	European Conference on Technology Enhanced Learning (EC-TEL 2025)	2025-09-02	https://scholar.google.com.br/citations?view_op=view_citation&hl=pt-PT&user=CLoJl1kAAAAJ&sortby=pubdate&citation_for_view=CLoJl1kAAAAJ:K3LRdlH-MEoC	https://link.springer.com/chapter/10.1007/978-3-032-03870-8_36	10.1007/978-3-032-03870-8_36
Tutoria: Delivering Personalized Feedback at Scale with Artificial Intelligence	Newarney Torrezão da Costa, Cleon Xavier, Fabíola Gonçalves Coelho Ribeiro, Gabriel Alves de Albuquerque Júnior, Luiz Rodrigues, Taciana Pontual da Rocha Falcão, Rafael Ferreira Mello	Informática na Educação, Processamento de Linguagem Natural, Aprendizado de Máquina	Anais	European Conference on Technology Enhanced Learning (EC-TEL 2025)	2025-09-02	https://scholar.google.com.br/citations?view_op=view_citation&hl=pt-PT&user=CLoJl1kAAAAJ&sortby=pubdate&citation_for_view=CLoJl1kAAAAJ:tOudhMTPpwUC	https://link.springer.com/chapter/10.1007/978-3-032-03873-9_54	10.1007/978-3-032-03873-9_54
Can GPT-4o Evaluate Usability Like Human Experts? A Comparative Study on Issue Identification in Heuristic Evaluation	Guilherme Guerino, Luiz Rodrigues, Bruna Capeleti, Rafael Ferreira Mello, André Freire, Luciana Zaina	Processamento de Linguagem Natural, Aprendizado de Máquina, Informática na Educação	Anais	IFIP Conference on Human-Computer Interaction (INTERACT 2025)	2025-09-08	https://scholar.google.com.br/citations?view_op=view_citation&hl=pt-PT&user=CLoJl1kAAAAJ&sortby=pubdate&citation_for_view=CLoJl1kAAAAJ:KxtntwgDAa4C	https://link.springer.com/chapter/10.1007/978-3-032-05005-2_20	10.1007/978-3-032-05005-2_20
A Mixed User-Centered Approach to Enable Augmented Intelligence in Intelligent Tutoring Systems: The Case of MathAIde App	Guilherme Guerino, Luiz Rodrigues, Luana Bianchini, Mariana Alves, Marcelo Marinho, Thomaz Veloso, Valmir Macario, Diego Dermeval, Thales Vieira, Ig Bittencourt, Seiji Isotani	Informática na Educação, Processamento de Imagens, Aprendizado de Máquina, Processamento de Linguagem Natural	Artigo	International Journal of Human–Computer Interaction	2025-09-08	https://scholar.google.com.br/citations?view_op=view_citation&hl=pt-PT&user=CLoJl1kAAAAJ&sortby=pubdate&citation_for_view=CLoJl1kAAAAJ:uWQEDVKXjbEC	https://www.tandfonline.com/doi/full/10.1080/10447318.2025.2553778	10.1080/10447318.2025.2553778